Keyword,Searches,Results,Searches:Results
20 oz fishing tumbler with funny quote,19200,35,548.5714286
fisherman humour tumbler gift for him,18600,43,432.5581395
funny fishing insulated tumbler gift,18600,71,261.971831
personalised fishing lover steel tumbler,18600,85,218.8235294
beach tumbler with name,5000,349,14.32664756
fishing insulated tumbler gift,10400,1400,7.428571429
girls trip personalized tumbler,5000,702,7.122507123
girls trip personalized tumbler,5000,702,7.122507123
heated rivalry tumbler,892,1000,0.892
bridgerton tumbler,1100,1300,0.8461538462
louis vuitton tumbler,962,1200,0.8016666667
red bull tumbler,855,1200,0.7125
redbull tumbler,791,1200,0.6591666667
bad bunny tumbler,935,1600,0.584375
ghostface tumbler,836,1500,0.5573333333
stray kids tumbler,596,1200,0.4966666667
dr pepper tumbler,2100,4300,0.488372093
heineken tumbler,507,1100,0.4609090909
bad bunny tumbler wrap,669,1500,0.446
fallout tumbler,569,1300,0.4376923077
hydrojug traveler tumbler,474,1100,0.4309090909
bts tumbler,687,1700,0.4041176471
sleep token tumbler,429,1100,0.39
fourth wing tumbler,616,1700,0.3623529412
one piece tumbler,570,1600,0.35625
seahawks tumbler,447,1400,0.3192857143
hydrojug tumbler,1800,5900,0.3050847458
scream tumbler,478,1700,0.2811764706
mardi gras tumbler wrap,654,2400,0.2725
stanley loveshackfancy tumbler,297,1100,0.27
snoopy tumbler wrap,487,1900,0.2563157895
seahawks tumbler wrap,352,1400,0.2514285714
kpop demon hunters tumbler cup,329,1400,0.235
mardi gras tumbler,1300,5600,0.2321428571
throne of glass tumbler,332,1500,0.2213333333
snow globe tumbler,2200,10700,0.2056074766
slp tumbler,315,1600,0.196875
diet coke tumbler,999,5100,0.1958823529
betty boop tumbler wrap,606,3200,0.189375
murano glass tumbler,243,1500,0.162
winnie the pooh tumbler,1600,10100,0.1584158416
tumbler boot,1300,8700,0.1494252874
mardi gras tumbler png,470,3500,0.1342857143
snowglobe tumbler,1500,11200,0.1339285714
betty boop tumbler,533,4100,0.13
snoopy tumbler,1100,8900,0.1235955056
kpop tumbler,419,3800,0.1102631579
tumblers & water glasses personalized cocktail glass...,357,3400,0.105
starbucks tumbler,2000,20900,0.0956937799
dr pepper tumbler with straw,89,984,0.09044715447
cruise tumbler,584,6700,0.0871641791
redbull cup with straw,57,683,0.08345534407
stanley tumbler,8600,103700,0.08293153327
strawberry shortcake tumbler,695,9000,0.07722222222
diet coke tumbler with straw,83,1100,0.07545454545
yeti tumbler,2000,28600,0.06993006993
seahawks wine tumbler,76,1100,0.06909090909
wicked tumbler,431,6400,0.06734375
ceramic tumbler,3300,53000,0.06226415094
vegas bachelorette wine tumbler,46,742,0.06199460916
stitch tumbler wrap,655,10900,0.06009174312
matcha cup and straw,82,1400,0.05857142857
ceramic iced coffee tumbler,137,2400,0.05708333333
miffy glass tumbler,57,1100,0.05181818182
bts tumbler with straw,50,1000,0.05
redbull tumbler cup,42,879,0.04778156997
sleep token tumbler cup,52,1100,0.04727272727
owala coffee tumbler,93,2000,0.0465
epoxy tumbler,855,18400,0.0464673913
stitch tumbler,965,21500,0.04488372093
fallout coffee tumbler,49,1100,0.04454545455
counselor tumbler,282,6400,0.0440625
highland cow tumbler,1200,27800,0.04316546763
strawberry shortcake tumbler wrap,455,10600,0.0429245283
ceramic cup with straw hole,39,1000,0.039
green glass tumbler with white etched shamrock,23,609,0.03776683087
coloured glass tumblers,64,1700,0.03764705882
bride tumbler,885,24200,0.03657024793
tumbler mockup,796,22000,0.03618181818
yeti wine tumbler,72,2000,0.036
bridgerton coffee tumbler,43,1200,0.03583333333
winnie the pooh glass tumbler,105,3000,0.035
wine tumbler mockup,59,1700,0.03470588235
tumbler cup cradle,30,874,0.03432494279
fenton colored glass tumblers,44,1300,0.03384615385
inflated valentine iced coffee tumbler wrap png,33,1000,0.033
grinch tumblers with straws and handle,36,1100,0.03272727273
valentine tumbler wrap,1600,49600,0.03225806452
bridesmaid tumbler,1000,31400,0.03184713376
glass tumbler with straw and lid,1000,31400,0.03184713376
glass tumbler with straw and lid,1000,31400,0.03184713376
strangers things tumbler cup,27,875,0.03085714286
wicked wine tumbler,37,1200,0.03083333333
easter tumbler,697,23000,0.03030434783
girls trip tumbler,428,14200,0.03014084507
louis vuitton stanley tumbler with straw,33,1100,0.03
coach tumbler,594,20300,0.02926108374
cruise wine tumbler,48,1700,0.02823529412
anchor hocking cut glass tumblers,39,1400,0.02785714286
confetti glass tumbler,33,1200,0.0275
valentines tumbler wrap,1300,48100,0.02702702703
12oz wine tumbler teddy bear valentines wrap bundle,26,994,0.02615694165
anchor hocking black and white striped glass tumblers,34,1300,0.02615384615
louis vuitton tumbler cup,26,1000,0.026
reserve wine tumbler,31,1200,0.02583333333
f1 coffee tumbler,33,1400,0.02357142857
evil eye glass cup with straw custom,16,680,0.02352941176
snoopy glass tumbler,49,2100,0.02333333333
wine tumbler,1900,82300,0.02308626974
bookish tumbler,621,27300,0.02274725275
epoxy tumblers,442,19500,0.02266666667
cockatiel glass tumbler,26,1200,0.02166666667
sage green wine tumbler,32,1500,0.02133333333
pottery tumbler with straw,32,1500,0.02133333333
glass bear cup with straw,34,1600,0.02125
nurse tumbler,1100,52000,0.02115384615
baseball tumbler,427,20300,0.02103448276
hockey mom wine tumbler,24,1200,0.02
custom tumbler canada,22,1100,0.02
stanely personalized tumbler,26,1300,0.02
glass hawaiian flower cup with straw,26,1300,0.02
one piece coffee tumbler,26,1300,0.02
wine tumbler wrap,171,8600,0.01988372093
40th birthday wine tumbler,43,2200,0.01954545455
snoopy coffee tumbler,33,1700,0.01941176471
mardi gras wine tumbler,62,3200,0.019375
valentine tumbler,1700,88100,0.01929625426
polynesian coffee tumbler,27,1400,0.01928571429
amber glass tumbler,75,3900,0.01923076923
barbie glass tumbler,25,1300,0.01923076923
dr pepper cup lid straw,16,832,0.01923076923
hmong glass tumbler,23,1200,0.01916666667
bubble glass tumbler,63,3400,0.01852941176
teacher tumbler,1600,87000,0.0183908046
cardiac system tumbler cup,22,1200,0.01833333333
bear cup with straw,29,1600,0.018125
horror tumbler,707,39100,0.01808184143
dr pepper glass tumbler,27,1500,0.018
"hand blown glass tumbler, etched, tall",23,1300,0.01769230769
throne of glass tumbler wrap,23,1300,0.01769230769
western wine tumbler,30,1700,0.01764705882
rhinestone tumbler,1200,68100,0.01762114537
book tumbler,834,47700,0.01748427673
glass tumbler,5300,309800,0.01710781149
pinched glass tumblers with colored bottoms,22,1300,0.01692307692
mate cup and straw,63,3800,0.01657894737
glitter tumbler,2400,145000,0.01655172414
stray kids tumbler cup,18,1100,0.01636363636
32 oz glass tumbler,110,6800,0.01617647059
stanely personalized tumbler topper,21,1300,0.01615384615
valentines tumbler,1500,93000,0.01612903226
tumbler charms,887,55100,0.01609800363
western tumbler,682,42500,0.01604705882
highland cow tumbler wrap,439,27400,0.01602189781
glass tumbler with handle,311,19600,0.01586734694
tumbler elastic straw bag,19,1200,0.01583333333
glass tumbler tinkerbell sublimation designs,22,1400,0.01571428571
snow globe tumbler cup,108,6900,0.01565217391
book club wine tumbler,25,1600,0.015625
iced coffee tumbler acrylic,28,1800,0.01555555556
gingerbread glass tumbler,31,2000,0.0155
harry styles glass tumbler,26,1700,0.01529411765
hand blown glass tumblers,82,5400,0.01518518519
tumbler cup strap,27,1800,0.015
copper tumbler with straw,27,1800,0.015
jazz tumbler cup,22,1500,0.01466666667
schitts creek coffee tumbler,22,1500,0.01466666667
anime tumbler,888,60600,0.01465346535
yerba mate cup and straw,17,1200,0.01416666667
black history glass tumblers,24,1700,0.01411764706
mardi gras tumbler with straw,22,1600,0.01375
bulk wine tumblers,26,1900,0.01368421053
tumbler,22900,1700000,0.01347058824
nurse tumbler wrap,543,41000,0.01324390244
beach tumbler,805,61000,0.01319672131
bling tumbler,555,42300,0.01312056738
boba cup with straw,17,1300,0.01307692308
easter tumbler wrap,492,38100,0.01291338583
40oz tumbler,2000,155100,0.01289490651
valentines day tumbler wrap,544,42600,0.01276995305
retirement wine tumbler,24,1900,0.01263157895
matcha cup with straw,44,3500,0.01257142857
tumbler wrap,9400,750500,0.01252498334
alpha kappa alpha custom tumbler,20,1600,0.0125
fourth wing coffee tumbler,21,1700,0.01235294118
valentine tumbler png,755,61500,0.01227642276
sippy cup with straw,33,2700,0.01222222222
shot glass tumbler,77,6400,0.01203125
boba cup and straw,18,1500,0.012
mama tumbler,676,56400,0.0119858156
breast cancer tumbler cup,32,2700,0.01185185185
resin wine tumbler,22,1900,0.01157894737
cherry glass tumbler,61,5300,0.01150943396
personalized tumbler,7300,644000,0.01133540373
personalized tumbler,7300,644000,0.01133540373
bachelorette wine tumbler,107,9500,0.01126315789
one piece tumbler cup,18,1600,0.01125
glass tumbler with lid and straw,1100,97900,0.01123595506
glass tumbler with lid and straw,1100,97900,0.01123595506
resin coffee tumbler,37,3300,0.01121212121
goth glass tumbler,22,2000,0.011
toddler cup with straw,23,2100,0.01095238095
cat tumbler,428,39300,0.01089058524
40 oz tumbler,2000,184300,0.01085187195
wine tumbler png,102,9500,0.01073684211
glass cup with straw,973,90900,0.01070407041
christian tumbler,1100,102800,0.01070038911
wine tumbler sublimation designs,49,4600,0.01065217391
personalized wine tumbler with picture,17,1600,0.010625
valentines tumbler png,587,56000,0.01048214286
customer tumbler,23,2200,0.01045454545
mexican glass tumblers,25,2400,0.01041666667
uranium glass tumbler,80,7800,0.01025641026
winnie the pooh tumbler cup,98,9600,0.01020833333
glass tumbler with straw,1400,138000,0.01014492754
glass tumbler with straw,1400,138000,0.01014492754
glass tumbler with straw,1400,138000,0.01014492754
personalized tumbler boy,32,3200,0.01
50th birthday wine tumbler,35,3600,0.009722222222
custom tumbler,7300,752600,0.00969970768
dinosaur coffee tumbler,19,2000,0.0095
ceramic coffee cup with straw,34,3600,0.009444444444
personalised tumbler with lid and straw,65,6900,0.009420289855
40 oz tumbler wrap,1200,128400,0.009345794393
starbucks glass tumbler,87,9400,0.009255319149
laser engraved tumbler,1300,142300,0.009135628953
12 oz wine tumbler wrap,20,2400,0.008333333333
personalized tumblers with coworkers names,28,3400,0.008235294118
coffee tumbler,3900,479400,0.008135168961
police custom tumbler,26,3200,0.008125
vacation tumbler,3400,419000,0.008114558473
monogram wine tumbler,68,8500,0.008
nightmare before coffee tumbler,20,2500,0.008
bling wine tumbler,19,2400,0.007916666667
tall glass tumbler,52,6600,0.007878787879
glass cup with straw fun,37,4700,0.007872340426
valentines wine tumbler,33,4200,0.007857142857
handblown glass tumbler,24,3100,0.007741935484
cruise tumbler cups,31,4100,0.00756097561
yeti tumbler personalized,841,115700,0.007268798617
bachelorette wine tumblers,46,6400,0.0071875
teacher tumbler wrap,429,59800,0.007173913043
tumbler with handle,546,77200,0.00707253886
wine tumbler template,44,6300,0.006984126984
personalised glass tumbler with straw,40,5800,0.006896551724
personalised glass tumbler with straw,40,5800,0.006896551724
starbucks tumbler with straw,40,5900,0.006779661017
custom tumblers vacation,27,4000,0.00675
32oz glass tumbler,73,11100,0.006576576577
personalised kids cup with straw,19,2900,0.006551724138
tumbler 40oz,1000,153700,0.006506180872
bridesmaid glass tumbler,227,35500,0.006394366197
cold cup with straw,88,14000,0.006285714286
tumblers,11300,1800000,0.006277777778
bride tumbler with straw,143,23000,0.006217391304
personalised tumbler with straw,461,74500,0.006187919463
personalised tumbler with straw,461,74500,0.006187919463
laser engraved wine tumbler,27,4400,0.006136363636
tumbler with straw,787,130900,0.006012223071
personalised tumbler,982,165600,0.005929951691
30 oz tumbler,448,76900,0.005825747724
3d tumbler,500,87300,0.005727376861
tumbler accessories,1400,244900,0.005716619028
daisy glass tumbler,42,7400,0.005675675676
personalised cold cup with straw,49,8700,0.005632183908
bling tumbler cup,58,10300,0.005631067961
wine tumbler wraps,50,9000,0.005555555556
personalised glass cup with straw,25,4500,0.005555555556
bridesmaid wine tumbler,128,23100,0.005541125541
24 oz glass tumbler,96,17600,0.005454545455
mom tumbler,874,162900,0.005365254758
bachelorette tumbler with straw,46,8700,0.005287356322
thick glass tumblers,91,17300,0.005260115607
christian tumbler wrap,490,93300,0.00525187567
personalised wine tumblers,36,6900,0.005217391304
custom tumbler bulk,70,13500,0.005185185185
tumbler wraps,4000,772500,0.005177993528
antique glass tumbler,27,5300,0.005094339623
dad coffee tumbler,117,23500,0.004978723404
handmade ceramic coffee tumbler,34,6900,0.004927536232
recycled glass tumblers,134,27200,0.004926470588
anime glass tumblers,28,5700,0.004912280702
bulk tumbler cups,35,7200,0.004861111111
clear tumbler with straw,104,21700,0.004792626728
insulated tumbler,1000,210900,0.004741583689
valentines glass tumbler,73,15500,0.004709677419
coffee tumbler with handle,157,33500,0.004686567164
glass tumbler wrap,339,72700,0.004662998624
bookish glass tumbler,102,22300,0.004573991031
resin tumbler cups,36,7900,0.004556962025
strawberry glass tumbler,41,9000,0.004555555556
valentine wine tumbler,20,4400,0.004545454545
personalised cups with straws,122,27200,0.004485294118
custom wine tumbler,773,176300,0.004384571753
custom wine tumbler,773,176300,0.004384571753
iced coffee cup with straw,207,47300,0.004376321353
bookish coffee tumbler,41,9500,0.004315789474
girls trip wine tumbler,25,5800,0.004310344828
40oz tumbler wrap,1600,375800,0.004257583821
retirement coffee tumbler,23,5500,0.004181818182
highland cow coffee tumbler,51,12300,0.004146341463
funny wine tumbler,72,17500,0.004114285714
tumbler wrap png,2800,692400,0.004043905257
snowglobe tumbler cups,21,5200,0.004038461538
western coffee tumbler,33,8300,0.003975903614
easter glass tumbler,63,15900,0.003962264151
anime coffee tumbler,103,26100,0.003946360153
iced coffee tumbler,835,211700,0.003944260746
iced coffee tumbler,835,211700,0.003944260746
horror movie glass tumbler,23,5900,0.003898305085
glass coffee tumbler,754,193600,0.003894628099
glass coffee tumbler,754,193600,0.003894628099
personalized tumbler with straw,1100,286000,0.003846153846
personalized tumbler with straw,1100,286000,0.003846153846
personalized tumbler with straw,1100,286000,0.003846153846
bachelorette tumblers with straw,33,8600,0.003837209302
anime tumbler cup,51,13300,0.003834586466
glass tumbler mockup,38,10100,0.003762376238
yeti custom tumbler,71,18900,0.003756613757
20oz tumbler wrap,1900,514200,0.003695060288
insulated wine tumbler,75,20400,0.003676470588
sublimation wine tumbler,30,8200,0.003658536585
vacation tumbler cup,58,16400,0.003536585366
engraved tumbler,2000,568500,0.003518029903
stanley tumbler accessories,778,222800,0.003491921005
yeti tumbler with straw,32,9200,0.00347826087
gigi coffee tumbler,20,5800,0.003448275862
valentines day tumbler,593,172300,0.003441671503
murano glass tumblers,110,32500,0.003384615385
glass tumbler with lid,340,102900,0.003304178814
tumbler png,3100,941800,0.003291569335
ice coffee tumbler,216,65800,0.003282674772
stanley cup flip straw,50,15800,0.003164556962
personalised tumbler glass,75,24000,0.003125
wine tumbler design,61,19700,0.003096446701
bride wine tumbler,56,18200,0.003076923077
cup lid straw,91,29800,0.003053691275
custom stanley tumbler,768,254200,0.003021243116
tumbler designs,1400,463400,0.003021148036
large steel tumbler,230,76400,0.003010471204
custom tumblers,2000,672300,0.002974862413
custom tumblers,2000,672300,0.002974862413
personalized glass cup with straw,190,64400,0.002950310559
glass tumblers,838,289300,0.002896647079
glass tumblers,838,289300,0.002896647079
personalised tumbler with images,17,5900,0.002881355932
personalized yeti tumbler,759,268100,0.002831033197
purple glass tumbler,35,12400,0.002822580645
clear plastic tumbler with straw,25,8900,0.002808988764
mushroom coffee tumbler,32,11500,0.002782608696
stainless steel tumbler,593,218200,0.002717690192
anime glass tumbler,51,19000,0.002684210526
starbucks cup with straw,34,12800,0.00265625
personalized ice coffee tumbler,22,8500,0.002588235294
bride cup with straw,60,23200,0.002586206897
plastic cup with straw,118,45800,0.002576419214
bride tumbler cup,43,16900,0.002544378698
20 oz tumbler wrap,1300,511300,0.002542538627
spring coffee tumbler,27,10700,0.002523364486
double wall glass tumbler,36,14300,0.002517482517
silicone cup with straw,17,6800,0.0025
20 oz tumbler,1600,657200,0.002434570907
valentine’s day glass tumbler,34,14200,0.002394366197
rhinestone tumbler template,672,281600,0.002386363636
personalized tumblers,2300,974800,0.00235945835
personalized tumblers,2300,974800,0.00235945835
tumbler stickers,697,295600,0.002357916103
to go coffee tumbler,78,33500,0.002328358209
40oz glass tumblers,21,9100,0.002307692308
skinny tumbler,981,432300,0.00226925746
valentine glass tumbler,117,51900,0.00225433526
wine tumbler bachelorette,29,13100,0.002213740458
bear glass tumbler,26,11800,0.002203389831
nurse coffee tumbler,91,41300,0.002203389831
cat glass tumbler,50,22800,0.002192982456
bridesmaid glass tumblers,26,11900,0.00218487395
tumbler svg,1100,511200,0.002151799687
personalised coffee tumbler,115,53500,0.00214953271
custom starbucks tumbler cup,24,11300,0.002123893805
personalized insulated wine tumblers,23,10900,0.002110091743
book coffee tumbler,37,17700,0.00209039548
book glass tumbler,51,24400,0.002090163934
stanley cup accessories straw topper,68,32700,0.002079510703
personalized tumbler bulk,29,14100,0.002056737589
cut glass tumbler,29,14100,0.002056737589
etched wine tumblers,22,10700,0.002056074766
acrylic tumblers with straws,17,8300,0.002048192771
kids cup with straw,63,31200,0.002019230769
20oz tumbler,1300,644500,0.002017067494
vintage glass tumblers,173,86600,0.001997690531
bridesmaid tumbler with straw,69,34800,0.001982758621
nurse glass tumbler,38,19300,0.001968911917
starbucks tumbler cup,41,20900,0.001961722488
custom tumbler for vacation,20,10200,0.001960784314
personalised tumbler with lid,28,14400,0.001944444444
personalized tumblers in bulk,18,9300,0.001935483871
valentines day tumbler cup,66,34200,0.001929824561
glass iced coffee cup with straw,70,36500,0.001917808219
yeti wine tumbler personalized,61,32700,0.001865443425
custom yeti tumbler,866,465800,0.001859167024
insulated tumbler with straw,82,44400,0.001846846847
valentines tumblers,361,196600,0.001836215666
gothic glass tumbler,24,13100,0.001832061069
stitch tumbler cup,24,13300,0.001804511278
cute tumbler,534,297800,0.001793149765
bow glass tumbler,62,34800,0.001781609195
coach tumbler cup,27,15200,0.001776315789
green glass tumblers,98,55600,0.001762589928
handmade coffee tumbler,42,24500,0.001714285714
12oz wine tumbler,32,18700,0.001711229947
plastic coffee tumbler,96,57400,0.001672473868
frosted glass tumbler,128,76600,0.001671018277
ceramic travel tumbler,688,415400,0.001656234954
stained glass tumbler,89,55500,0.001603603604
horror glass tumbler,28,17500,0.0016
sublimation tumbler designs,874,548500,0.001593436645
clear tumbler with straw personalized,18,11600,0.001551724138
wine tumbler personalized,290,187400,0.001547491996
personalised glass tumbler,352,228800,0.001538461538
mens coffee tumbler,54,35100,0.001538461538
wine tumbler svg,21,14100,0.001489361702
men’s coffee tumbler,33,22200,0.001486486486
glass tumbler set,154,105000,0.001466666667
wine tumbler 12 oz,18,12300,0.001463414634
ceramic tumbler with straw,43,29700,0.001447811448
custom glass tumbler,643,450200,0.001428254109
christian glass tumbler,58,40900,0.00141809291
coffee tumbler pottery,23,16300,0.001411042945
blown glass tumbler,194,137500,0.001410909091
40 oz glass tumbler with handle,75,53400,0.001404494382
coffee tumbler with straw,86,61400,0.001400651466
coffee tumbler with straw,86,61400,0.001400651466
christian coffee tumbler,99,71900,0.001376912378
bulk custom tumbler,22,16100,0.001366459627
customized wine tumblers,34,25100,0.001354581673
custom tumbler for men,63,46600,0.00135193133
coffee tumbler wrap,242,179200,0.001350446429
personalized wine tumbler,651,483700,0.001345875543
personalized wine tumbler,651,483700,0.001345875543
cute glass tumbler with straw,27,20200,0.001336633663
engraved wine tumbler,190,142500,0.001333333333
teacher glass tumbler,28,21000,0.001333333333
ceramic wine tumblers,32,24100,0.00132780083
glass tumbler with bamboo lid,66,50000,0.00132
glass tumbler png,77,58600,0.001313993174
personalized coffee tumbler,1300,995900,0.001305351943
personalized coffee tumbler,1300,995900,0.001305351943
glass coffee cup with straw,62,47600,0.001302521008
metal tumbler with straw,32,25100,0.001274900398
personalised cup with straw,215,168800,0.001273696682
40 oz glass tumbler,213,167600,0.001270883055
iced coffee glass tumbler,91,72400,0.001256906077
stemless wine tumbler,19,15200,0.00125
personalized tumbler nurse,21,16800,0.00125
personalised drink cup with straw,17,13700,0.001240875912
stanley coffee tumblers,23,18600,0.00123655914
plastic cups with straw,40,33000,0.001212121212
tumbler wrap svg,717,595700,0.001203625986
sublimation tumbler wraps,621,516200,0.001203022084
glitter tumbler cups,67,57200,0.001171328671
travel wine tumbler,26,22200,0.001171171171
sublimation tumbler,819,703400,0.001164344612
glass cups with straw,191,164500,0.001161094225
cups with straws,136,117500,0.001157446809
photo tumbler,540,466700,0.00115706021
tumbler cup,1100,953400,0.001153765471
personalized tumbler with lid and straw,405,353200,0.001146659117
personalized tumbler with lid and straw,405,353200,0.001146659117
personalised glass tumblers,27,23700,0.001139240506
tumbler cup holder,57,50300,0.001133200795
mama glass tumbler,53,47200,0.001122881356
wine tumbler set,28,25000,0.00112
patron cups with straw,41,36700,0.001117166213
starbucks coffee tumbler,78,69900,0.001115879828
40oz glass tumbler,217,196200,0.001106014271
tumbler design,877,808100,0.001085261725
large glass tumbler,35,32300,0.001083591331
20 oz tumbler wraps,567,532900,0.001063989491
wine tumbler laser engraved,22,20700,0.001062801932
cute coffee tumbler,191,180600,0.001057585825
custom tumbler cup,953,930200,0.001024510858
custom tumbler cup,953,930200,0.001024510858
custom tumbler cup,953,930200,0.001024510858
tumbler cups,867,852400,0.001017128109
tumbler cups,867,852400,0.001017128109
kids tumbler,386,380100,0.001015522231
ceramic coffee tumbler,1000,985200,0.00101502233
ceramic coffee tumbler,1000,985200,0.00101502233
goth coffee tumbler,44,43500,0.001011494253
custom coffee tumbler,1200,1200000,0.001
cut glass tumblers,35,35000,0.001
custom coffee tumbler,1200,1200000,0.001
glass iced coffee tumbler,112,112700,0.0009937888199
heart glass tumbler,64,65500,0.0009770992366
tumbler template,541,562700,0.0009614359339
iced coffee tumblers,60,62600,0.0009584664537
personalised tumblers,227,238400,0.0009521812081
etched glass tumbler,88,93200,0.0009442060086
plastic tumbler with straw,102,110100,0.0009264305177
insulated cup with straw,40,43300,0.0009237875289
teacher coffee tumbler,93,103100,0.0009020368574
cups with straw,111,124200,0.0008937198068
stainless steel tumbler with straw,78,87500,0.0008914285714
coffee cup with straw,65,73000,0.0008904109589
tumbler 20oz,546,618100,0.0008833522084
wine tumbler with lid,99,112800,0.0008776595745
personalized glass tumbler,350,400000,0.000875
large glass tumblers,66,75800,0.0008707124011
custom tumblers with lid and straw,26,30000,0.0008666666667
coffee tumbler glitter,27,31300,0.0008626198083
custom tumbler bachelorette,19,22200,0.0008558558559
water tumbler with straw,105,123100,0.000852965069
gothic coffee tumbler,29,34100,0.0008504398827
men’s custom tumbler,50,58800,0.0008503401361
bride glass tumbler,28,33000,0.0008484848485
12 oz coffee tumbler,55,64900,0.0008474576271
cute glass tumblers,136,161100,0.0008441961515
personalized cups with straws,558,665700,0.0008382154123
custom tumbler cup men,18,22000,0.0008181818182
mama coffee tumbler,56,68700,0.0008151382824
custom wine tumblers,118,145400,0.0008115543329
tumbler with straw and lid,45,55700,0.0008078994614
coffee tumbler for men,156,193800,0.0008049535604
acrylic tumbler with straw,80,100000,0.0008
glitter wine tumbler,39,48900,0.0007975460123
glitter coffee tumbler,59,74500,0.0007919463087
tumbler cup charms,47,59400,0.0007912457912
sublimation tumblers,565,720200,0.0007845043044
stanley cup with straw,24,30600,0.0007843137255
30 oz coffee tumbler,29,37000,0.0007837837838
horror coffee tumbler,35,44700,0.0007829977629
20oz coffee tumbler,139,178200,0.0007800224467
customized tumbler,854,1100000,0.0007763636364
customized tumbler,854,1100000,0.0007763636364
tumbler cup topper,17,21900,0.0007762557078
personalised tumbler for her,20,25800,0.0007751937984
custom tumbler 40oz with handle,20,25900,0.0007722007722
green glass tumbler,50,65400,0.0007645259939
iced coffee cup no straw,21,27700,0.0007581227437
gold wine tumbler,28,37000,0.0007567567568
engraved tumblers,578,796200,0.0007259482542
cup with straw and lid,49,67900,0.0007216494845
coffee tumbler for him,22,30600,0.0007189542484
bookish tumbler cup,19,26600,0.0007142857143
customized tumbler with straw,88,123500,0.0007125506073
customized tumbler with straw,88,123500,0.0007125506073
custom tumbler with straw,556,786000,0.0007073791349
custom tumbler with straw,556,786000,0.0007073791349
custom tumbler with straw,556,786000,0.0007073791349
water cup with straw,67,95700,0.0007001044932
coffee tumblers women,79,112900,0.0006997342781
coffee tumblers ceramic,23,33100,0.0006948640483
custom tumbler bridesmaid,22,31900,0.0006896551724
tumbler with straw for men,28,41000,0.0006829268293
insulated coffee tumbler,119,174300,0.0006827309237
reusable cup with straw,59,86700,0.0006805074971
12 oz wine tumbler,23,33900,0.0006784660767
glass ice coffee tumbler,32,47700,0.0006708595388
tumbler personalized,388,579000,0.0006701208981
40oz customized tumbler,151,228200,0.0006617002629
custom tumbler wedding,28,43200,0.0006481481481
cute glass tumbler,162,251000,0.0006454183267
40oz custom tumbler,59,92000,0.0006413043478
personalized wine tumblers,185,296600,0.0006237356709
tumbler flip straw,17,27600,0.000615942029
personalized tumblers set,38,61700,0.0006158833063
funny tumbler,597,973600,0.0006131881676
customized wine tumbler,67,110600,0.0006057866184
custom tumbler with picture,99,176100,0.0005621805792
coffee tumblers,250,450600,0.0005548158012
cute coffee tumblers,54,97600,0.0005532786885
wine glass tumbler,45,82100,0.0005481120585
drinking cup with straw,45,83900,0.000536352801
valentines tumbler cup,24,44800,0.0005357142857
iced coffee tumbler with straw,23,43300,0.0005311778291
iced coffee tumbler with straw,23,43300,0.0005311778291
wine tumblers,335,639400,0.0005239286831
custom tumbler with pictures,35,67300,0.0005200594354
coffee tumbler with lid,131,256900,0.0005099260413
pottery coffee tumbler,67,131500,0.0005095057034
custom tumbler glass,38,75600,0.0005026455026
hand blown glass tumbler,99,198500,0.0004987405542
wine tumbler designs,27,54300,0.0004972375691
photo wine tumbler,47,95000,0.0004947368421
floral glass tumbler,56,114000,0.0004912280702
custom tumbler with handle,148,301700,0.00049055353
custom tumbler 40 oz,68,138800,0.0004899135447
glass tumblers with bamboo lids,25,51200,0.00048828125
cat coffee tumbler,46,94700,0.0004857444562
glass tumbler designs,78,165700,0.0004707302354
cute tumbler cup,70,150100,0.0004663557628
pink glass tumbler,48,105300,0.0004558404558
insulated wine tumblers,38,84600,0.0004491725768
custom tumbler 30 oz,23,52400,0.0004389312977
personalized tumbler for kids,68,157900,0.0004306523116
clear glass tumbler,35,81400,0.00042997543
plastic wine tumbler,27,63500,0.0004251968504
glass cups with straws,21,49500,0.0004242424242
iced coffee tumbler glass,38,90000,0.0004222222222
unique glass tumblers,35,83600,0.0004186602871
16oz glass tumbler,62,149200,0.0004155495979
personalized tumbler for men,192,469800,0.0004086845466
16oz coffee tumbler,42,104000,0.0004038461538
16 oz coffee tumbler,34,84400,0.0004028436019
custom tumbler men,23,59300,0.0003878583474
glass tumbler 40 oz,64,165200,0.000387409201
coffee tumbler ceramic,129,334500,0.0003856502242
tumbler cups designs,30,78200,0.0003836317136
custom tumbler for wedding,23,61800,0.0003721682848
custom tumbler wrap,88,236500,0.0003720930233
pink coffee tumbler,49,135700,0.0003610906411
vintage glass tumbler,52,146600,0.0003547066849
cute tumbler cups,48,139900,0.0003431022159
glass tumblers with lid,29,84700,0.0003423848878
coffee tumbler hot,19,56100,0.0003386809269
tumbler cup stickers,44,133600,0.0003293413174
personalized cup with straw,119,361500,0.0003291839557
engraved coffee tumbler,147,447700,0.0003283448738
iced coffee tumbler wrap,49,150600,0.0003253652058
16 oz glass tumbler,85,262500,0.0003238095238
coffee tumbler png,76,235300,0.0003229919252
ceramic cup with straw,54,168100,0.0003212373587
customize tumbler,196,613500,0.0003194784026
funny coffee tumbler,145,455000,0.0003186813187
40oz personalized tumbler,35,110600,0.0003164556962
glass tumbler cup,95,309300,0.0003071451665
glass tumbler cup,95,309300,0.0003071451665
personalized tumbler bridesmaid,41,135200,0.0003032544379
glass cups with straw and lid,24,81400,0.0002948402948
customized tumblers,383,1300000,0.0002946153846
30oz glass tumbler,21,71400,0.0002941176471
halloween glass tumbler,22,75100,0.000292942743
coffee glass tumbler,109,372600,0.0002925389157
insulated personalized tumbler,30,104600,0.0002868068834
engraved wine tumblers,39,137900,0.0002828136331
personalized stanley wine tumbler,20,71000,0.0002816901408
stainless steel coffee tumbler,79,281300,0.000280838962
40oz glass tumbler with handle,27,97000,0.0002783505155
skinny tumbler with straw,102,366600,0.0002782324059
custom tumbler with photo,27,97200,0.0002777777778
bling custom tumbler,35,126400,0.0002768987342
coffee tumbler cute,24,87800,0.0002733485194
plastic personalised tumbler,27,98900,0.0002730030334
black glass tumbler,31,115000,0.0002695652174
photo coffee tumbler,53,197900,0.0002678120263
travel coffee tumbler,109,415900,0.0002620822313
personalized tumbler for mom,19,72800,0.000260989011
glass tumbler straw,35,138500,0.0002527075812
custom tumbler photo,24,96100,0.0002497398543
wine tumbler custom,52,208600,0.0002492809204
starbucks personalized tumbler,41,168800,0.0002428909953
custom tumbler 40oz,32,131900,0.0002426080364
plastic tumbler cup,19,78600,0.0002417302799
tumbler cup with straw,58,240100,0.0002415660142
tumbler cup with straw,58,240100,0.0002415660142
personalised wine tumbler,83,345800,0.0002400231348
custom tumblers with straw,21,87500,0.00024
custom tumblers with straw,21,87500,0.00024
bulk custom tumblers,94,393500,0.0002388818297
custom tumbler png,33,140200,0.0002353780314
engraved glass tumbler,36,153200,0.0002349869452
hot coffee tumbler,98,427200,0.0002294007491
stanley custom tumbler,56,251000,0.0002231075697
glass coffee tumblers,27,121400,0.0002224052718
red wine tumbler,22,99100,0.0002219979818
custom tumbler with logo,113,517100,0.0002185263972
travel cup with straw,38,175700,0.0002162777462
personalized tumbler 40oz,19,89100,0.0002132435466
wine tumbler sublimation,64,306800,0.0002086049544
personalized tumbler kids,37,177800,0.0002080989876
recycled glass tumbler,47,226100,0.0002078726227
personalized tumbler wrap,69,339000,0.000203539823
personalized tumbler with name,107,532100,0.0002010900207
pink tumbler cup,26,130100,0.0001998462721
glass tumblers with straw,28,148000,0.0001891891892
glass tumblers with straw,28,148000,0.0001891891892
stainless steel wine tumbler,33,176000,0.0001875
mom coffee tumbler,72,385500,0.000186770428
40oz tumbler with straw,23,123300,0.0001865369019
clear glass tumblers,25,134200,0.0001862891207
iced coffee tumbler plastic,51,277600,0.0001837175793
40 oz tumbler with straw,25,136200,0.0001835535977
personalized tumbler with pictures,27,149400,0.0001807228916
coffee tumblers for men,34,188500,0.0001803713528
personalize tumbler,106,589100,0.0001799354948
tumblers with straw,58,323200,0.0001794554455
tumbler cup with handle,20,112000,0.0001785714286
personal tumblers,48,273000,0.0001758241758
personalized tumbler birthday,29,167300,0.000173341303
coffee tumbler men,63,374100,0.00016840417
kids tumbler cup,28,167300,0.0001673640167
custom tumbler cups,158,952700,0.0001658444421
custom tumbler cups,158,952700,0.0001658444421
iced coffee tumbler with lid,20,120900,0.0001654259719
customized glass tumbler,114,696900,0.0001635815755
personalized tumbler cups,86,530600,0.0001620806634
personalized tumbler cups,86,530600,0.0001620806634
custom tumbler sticker,24,148200,0.0001619433198
custom cups with straw,23,142400,0.0001615168539
custom tumbler decal,72,450700,0.0001597514977
kids tumbler with straw,31,195500,0.0001585677749
tumbler cup accessories,46,298600,0.0001540522438
custom logo coffee tumbler,22,143200,0.0001536312849
cup and straw,33,216200,0.0001526364477
custom tumbler kids,27,177300,0.000152284264
engraved tumbler with straw,17,114100,0.0001489921122
coffee tumbler insulated,26,177300,0.000146644106
custom tumblers bulk,39,268300,0.000145359672
personalized glass tumblers,65,449100,0.0001447339123
best friend coffee tumbler,33,230800,0.0001429809359
personalized tumbler with handle,121,847100,0.0001428402786
blown glass tumblers,36,254100,0.0001416765053
20 oz glass tumbler,90,640600,0.0001404932875
travel tumbler with straw,33,238400,0.0001384228188
personalized tumblers for men,50,366900,0.0001362769147
personalized tumbler with lid,50,371000,0.0001347708895
coffee tumbler personalized,86,643300,0.0001336856832
cute glass cup with straw,20,149900,0.0001334222815
tumbler cups with a straw,21,158100,0.0001328273245
glass tumbler wraps,68,514400,0.000132192846
custom tumbler glitter,22,166900,0.0001318154584
yeti personalized tumbler,25,190700,0.0001310959622
personalized tumbler png,19,147500,0.0001288135593
personalized tumbler personalized cup,66,519700,0.000126996344
funny wine tumblers,19,152500,0.0001245901639
tumblers with straws,18,152800,0.0001178010471
personalized tumbler gift,44,394400,0.0001115618661
stainless steel personalized tumblers,21,189900,0.0001105845182
personalized tumbler beach,23,216400,0.000106284658
glass tumbler personalized,41,394100,0.000104034509
stained glass tumbler wrap,40,398600,0.0001003512293
custom iced coffee tumbler,32,320400,0.00009987515605
personalized cups with straw,29,293000,0.00009897610922
20 oz personalized tumbler,21,213400,0.00009840674789
personalized tumbler cup,34,353600,0.00009615384615
personalized tumbler cup,34,353600,0.00009615384615
custom tumbler wraps,39,418500,0.00009318996416
20 oz coffee tumbler,19,205300,0.00009254749148
personalized tumbler with picture,76,822300,0.00009242368965
glass tumbler cups,71,780000,0.00009102564103
glass tumbler cups,71,780000,0.00009102564103
personalized tumbler 40 oz,19,209100,0.00009086561454
custom tumbler 20oz,31,352800,0.00008786848073
kids personalized tumblers,22,250800,0.00008771929825
custom tumbler with lid,34,393100,0.00008649198677
clear coffee tumbler,31,360600,0.00008596783139
coffee tumbler glass,32,378900,0.00008445500132
20oz custom tumbler,32,380800,0.00008403361345
personalized yeti wine tumbler,29,345200,0.00008400926999
tumbler cup png,22,262700,0.00008374571755
20oz tumbler with straw,17,203300,0.00008362026562
coffee tumbler engraved,29,360800,0.00008037694013
custom cup with straw,57,711600,0.00008010118044
custom tumbler stickers,27,338200,0.0000798344175
custom tumbler for kid,20,253000,0.0000790513834
coffee tumbler custom,56,708600,0.00007902907141
custom glass tumbler with lid and straw,21,266900,0.00007868115399
ceramic coffee tumbler with lid,52,662300,0.00007851426846
custom tumbler gift,20,256600,0.00007794232268
custom glass tumblers,56,723100,0.00007744433688
tumbler cup wraps,48,660900,0.00007262823423
personalized acrylic tumbler with straw,20,276200,0.00007241129616
customized tumbler cups,49,681700,0.00007187912572
customized tumbler cups,49,681700,0.00007187912572
personalized tumbler 20 oz,18,255100,0.00007056056448
cute iced coffee tumbler,37,541200,0.00006836659276
personalized tumbler photo,20,310900,0.00006432936636
personalized tumbler men,21,330300,0.00006357856494
kids personalized tumbler,36,591100,0.00006090340044
tumbler cup designs,35,575800,0.00006078499479
tumbler cup design,25,412300,0.00006063545962
ceramic wine tumbler,47,786000,0.00005979643766
custom tumbler yeti,21,372500,0.00005637583893
tumbler cup template,20,363600,0.00005500550055
custom tumbler engraved,29,539800,0.00005372360133
personalized coffee tumblers,53,1000000,0.000053
personalized tumblers with straws,25,493300,0.00005067909994
personalized tumblers with straws,25,493300,0.00005067909994
custom tumbler with name,27,535600,0.00005041075429
personalized glass tumbler with straw,20,397100,0.00005036514732
personal tumbler,45,900400,0.00004997778765
custom glass cup with straw,23,464300,0.00004953693733
sublimation wine tumblers,22,479300,0.00004590027123
20oz glass tumbler,23,527400,0.00004361016306
custom coffee tumblers,27,644100,0.00004191895668
personalized tumbler glass,23,560300,0.0000410494378
customized coffee tumbler,62,1600000,0.00003875
personalized tumblers and mugs,22,590300,0.00003726918516
20 oz tumbler with straw,22,645500,0.00003408210689
personalized tumbler with logo,24,705200,0.00003403289847
customized tumbler cup,58,1800000,0.00003222222222
customized tumbler cup,58,1800000,0.00003222222222
tumblers cups,38,1200000,0.00003166666667
wine tumblers personalized,29,951100,0.00003049101041
personalized tumbler coffee,23,758300,0.00003033100356
customize tumbler cup,33,1200000,0.0000275
customize tumbler cup,33,1200000,0.0000275
personalized tumblers with lid and straw,30,1200000,0.000025
mini tumbler cup,28,1200000,0.00002333333333
personalize tumblers,25,1400000,0.00001785714286
customize tumblers,32,1800000,0.00001777777778
tumbler cups personalized,20,1400000,0.00001428571429